{"last_tab":"","medmax_header_display_none_hide":"","medmax_header_display_social_hide":"","medmax_header_top_hide":"1","medmax_header_top_two_hide":"","medmax_box_layout":"htopt_box","medmax_box_layouttwo":"htopt_full","medmax_main_box_layout":"hmenul_box","medmax_top_right_layout":"h_top_l1","medmax_header_top_road":"","medmax_header_top_email":"demo@example.com","medmax_header_top_mobile":"+044 8455 6677","medmax_header_top_wellcome":"wellcome visit our site","medmax_header_top_opening":"Open hours: 9.00-24.00 Mon-Sat","medmax_header_top_icon_color":"","medmax_header_top_color":"","medmax_header_top_hover_color":"","medmax_header_top_well_color":"","medmax_header_opening_bg_color":"","medmax_hoeder_top_bg_color":{"background-color":"","background-repeat":"","background-size":"","background-attachment":"","background-position":"","background-image":"","media":{"id":"","height":"","width":"","thumbnail":""}},"medmax_header_top_section_spacing":{"padding-top":"","padding-right":"","padding-bottom":"","padding-left":"","units":"px"},"medmax_header_top_roadtwot":"Location","medmax_header_top_roadtwo":"1st Floor.","medmax_header_top_emailtwot":"Email","medmax_header_top_emailtwo":"demo@example.com","medmax_header_top_mobiletwot":"Phone","medmax_header_top_mobiletwo":"+998556778345","medmax_header_top_icon_colortwo":"","medmax_header_top_colortwo":"","medmax_header_top_hover_colortwo":"","medmax_header_opening_bg_colortwo":"","medmax_hoeder_top_bg_colortwo":{"background-color":"","background-repeat":"","background-size":"","background-attachment":"","background-position":"","background-image":"","media":{"id":"","height":"","width":"","thumbnail":""}},"medmax_header_top_section_spacingtwo":{"padding-top":"","padding-right":"","padding-bottom":"","padding-left":"","units":"px"},"medmax_logo":{"url":"http:\/\/demo.themexbd.com\/wpv\/medmax\/wp-content\/uploads\/2018\/10\/logo.png","id":"678","height":"27","width":"185","thumbnail":"http:\/\/demo.themexbd.com\/wpv\/medmax\/wp-content\/uploads\/2018\/10\/logo-150x27.png","title":"logo","caption":"","alt":"","description":""},"medmax_onepage_logo":{"url":"http:\/\/demo.themexbd.com\/wpv\/medmax\/wp-content\/uploads\/2018\/10\/logo.png","id":"678","height":"27","width":"185","thumbnail":"http:\/\/demo.themexbd.com\/wpv\/medmax\/wp-content\/uploads\/2018\/10\/logo-150x27.png","title":"logo","caption":"","alt":"","description":""},"medmax_ts_logo":{"url":"http:\/\/demo.themexbd.com\/wpv\/medmax\/wp-content\/uploads\/2018\/10\/logo-1.png","id":"679","height":"27","width":"185","thumbnail":"http:\/\/demo.themexbd.com\/wpv\/medmax\/wp-content\/uploads\/2018\/10\/logo-1-150x27.png","title":"logo-1","caption":"","alt":"","description":""},"medmax_mobile_top_logo":{"url":"http:\/\/demo.themexbd.com\/wpv\/medmax\/wp-content\/uploads\/2018\/10\/logo.png","id":"678","height":"27","width":"185","thumbnail":"http:\/\/demo.themexbd.com\/wpv\/medmax\/wp-content\/uploads\/2018\/10\/logo-150x27.png","title":"logo","caption":"","alt":"","description":""},"medmax_logo_height":"","medmax_logo_widget":"","medmax_line_height":"29px","medmax_mobile_image_logo":"\"Menu\"","medmax_mobilebg_color":"","medmax_mobileicon_color":"","medmax_main_menu_layout":"m_menu_1","medmax_defaulth_menu_layout":"10","medmax_header_button":"Book Appointment","medmax_header_button_url":"#","medmax_Button_colorm":"","medmax_Button_colorurl":"","medmax_Buttonht_colorm":"","medmax_Buttonhtb_colorurl":"","medmax_menu_bg_color":{"background-color":"","background-repeat":"","background-size":"","background-attachment":"","background-position":"","background-image":"","media":{"id":"","height":"","width":"","thumbnail":""}},"medmax_menu_typography":{"font-family":"","font-options":"","google":"1","font-backup":"","font-weight":"","font-style":"","subsets":"","text-align":"","font-size":"","color":""},"medmax_menu_texts_hover_color":"","medmax_menu_bg_sticky_color":{"color":"#000000","alpha":"0.35","rgba":"rgba(0,0,0,0.35)"},"medmax_menu_sticky_text_color":"","medmax_menu_text_hover_color":"","medmax_submenu_bg_color":{"background-color":"","background-repeat":"","background-size":"","background-attachment":"","background-position":"","background-image":"","media":{"id":"","height":"","width":"","thumbnail":""}},"medmax_sub_menu_typography":{"font-family":"","font-options":"","google":"1","font-backup":"","font-weight":"","font-style":"","subsets":"","text-align":"","font-size":"","line-height":"","color":""},"medmax_submenu_hover_text_color":"","menu_spacing":{"padding-top":"","padding-right":"","padding-bottom":"","padding-left":"","units":"px"},"medmax_breadcrumb_bg":{"background-color":"","background-repeat":"","background-size":"cover","background-attachment":"","background-position":"","background-image":"http:\/\/demo.themexbd.com\/wpv\/medmax\/wp-content\/uploads\/2018\/10\/b.jpg","media":{"id":"589","height":"366","width":"1920","thumbnail":"http:\/\/demo.themexbd.com\/wpv\/medmax\/wp-content\/uploads\/2018\/10\/b-150x150.jpg"}},"medmax_bread_title_page_color":"","medmax_breadcrumb_typography":{"font-family":"","font-options":"","google":"1","font-backup":"","font-weight":"","font-style":"","subsets":"","font-size":"","color":"#ffffff"},"medmax_bread_current_page_color":"#ffffff","spacing":{"padding-top":"","padding-right":"","padding-bottom":"","padding-left":"","units":"px"},"thdft":"","thdftbt":"","thdefhbg":"","tmdfht":"","thdefhbgctc":"","thdefhbgcbtbgh":"","thdefhbgcbth":"","tmdfhtcbtnht":"","medmax_menu_bg_videocolor":{"color":"#ffa000","alpha":"0.3","rgba":"rgba(255,160,0,0.3)"},"medmax_blog_bgcolor":{"background-color":"","background-repeat":"","background-size":"","background-attachment":"","background-position":"","background-image":"","media":{"id":"","height":"","width":"","thumbnail":""}},"medmax_blog_title_color":"","medmax_blog_title_hover_color":"","medmax_blog_widget_bgcolor":{"background-color":"","background-repeat":"","background-size":"","background-attachment":"","background-position":"","background-image":"","media":{"id":"","height":"","width":"","thumbnail":""}},"medmax_sidebar_widgett_text_color":"","medmax_sidebar_widget_li_color":"","medmax_sidebar_widget_li_hover_color":"","medmax_blog_social_icon_color":"","medmax_blog_social_hover_color":"","medmax_blog_pagina_color":"","medmax_blog_pagina_hover_color":"","medmax_blog_socialsharesh_hide":"1","medmax_background_404":{"background-color":"","background-repeat":"","background-size":"","background-attachment":"","background-position":"","background-image":"","media":{"id":"","height":"","width":"","thumbnail":""}},"medmax_not_title":"","medmax_sub_not_title":"","medmax_not_link_color":"","404_info":"404 Oops! The page you are Looking for does not exist.","medmax_notfound_spacing":{"padding-top":"","padding-right":"","padding-bottom":"","padding-left":"","units":"px"},"medmax_address_hide":"0","medmax_social_hide":"","medmax_widget_hide":"1","medmax_copyright_hide":"1","medmax_footer_box_layout":"footer_box","medmax_address_logo_style":"s_logo_s1","medmax_address_title_text":"medmax","medmax_address_logo":{"url":"","id":"","height":"","width":"","thumbnail":"","title":"","caption":"","alt":"","description":""},"medmax_address_road":"1st Floor New World Tower Rang.","medmax_address_email":"demo@example.com","medmax_address_mobile":"+998 556 778 345","medmax_address_title_text_color":"","medmax_address_title2_text_color":"","medmax_address_text_color":"","medmax_address_bg_color":{"background-color":"","background-repeat":"","background-size":"","background-attachment":"","background-position":"","background-image":"","media":{"id":"","height":"","width":"","thumbnail":""}},"medmax_address_section_spacing":{"padding-top":"","padding-right":"","padding-bottom":"","padding-left":"","units":"px"},"medmax_social_logo_style":"s_logo_s1","medmax_social_title_text":"medmax","medmax_social_logo":{"url":"","id":"","height":"","width":"","thumbnail":"","title":"","caption":"","alt":"","description":""},"medmax_social_text":"Lorem ipsum dolor sit amet, consectetur ahkl adipisicing elit, sed do eiusmod tempor incididunt ut labore et dolore magna aliqua. Ut enim ad minim veniam, quis nostrud","medmax_social_icons":{"facebook":"#","twitter":"#","instagram":"#","tumblr":"","pinterest":"","google-plus":"#","linkedin":"","behance":"","dribbble":"#","youtube":"","vimeo":"","rss":""},"medmax_social_title_text_color":"","medmax_social_title2_text_color":"","medmax_social_text_color":"","medmax_social_icon_color":"","medmax_social_icon_bgcolor":"","medmax_social_icon_thbgcolor":"","medmax_social_icon_hbgcolor":"","medmax_social_bg_color":{"background-color":"","background-repeat":"","background-size":"","background-attachment":"","background-position":"","background-image":"","media":{"id":"","height":"","width":"","thumbnail":""}},"medmax_social_section_spacing":{"padding-top":"","padding-right":"","padding-bottom":"","padding-left":"","units":"px"},"medmax_widget_column_count":"4","medmax_widgett_text_color":"","medmax_copyright_widget_li_color":"","medmax_widgett_aicon_color":"","medmax_copyright_widget_li_hover_color":"","medmax_widget_bg_color":{"background-color":"","background-repeat":"","background-size":"","background-attachment":"","background-position":"","background-image":"","media":{"id":"","height":"","width":"","thumbnail":""}},"medmax_widget_section_spacing":{"padding-top":"","padding-right":"","padding-bottom":"","padding-left":"","units":"px"},"medmax_footer_copyright_style":"copy_s2","medmax_copyright_text":"Copyright \u00a9 medmax all rights reserved.","medmax_copyright_text_color":"","medmax_copyright_text_hover_color":"","medmax_copyright_bg_color":{"background-color":"","background-repeat":"","background-size":"","background-attachment":"","background-position":"","background-image":"","media":{"id":"","height":"","width":"","thumbnail":""}},"medmax_copyright_section_spacing":{"padding-top":"","padding-right":"","padding-bottom":"","padding-left":"","units":"px"},"opt-customizer-only":"2","redux-backup":"1"}